{
  "base": {
    "cv_bench": 78.49,
    "acc_2d": 75.31,
    "acc_3d": 81.67,
    "per_task": {
      "Count": 67.13,
      "Relation": 87.23,
      "Depth": 87.17,
      "Distance": 76.17
    },
    "n_unparsed": 0,
    "n_total": 2638
  },
  "enhanced_1000_3.0": {
    "cv_bench": 79.65704448892683,
    "acc_2d": 74.56408897785366,
    "acc_3d": 84.75,
    "acc_ade": 67.14060031595577,
    "acc_coco": 81.98757763975155,
    "acc_omni": 84.75,
    "per_task": {
      "Count": 64.9746192893401,
      "Relation": 88.15384615384615,
      "Depth": 86.16666666666667,
      "Distance": 83.33333333333334
    },
    "n_unparsed": 0,
    "n_total": 2638
  },
    "enhanced_10000_2.0": {
    "cv_bench": 80.48233419681492,
    "acc_2d": 76.0480017269632,
    "acc_3d": 84.91666666666666,
    "acc_ade": 69.98420221169036,
    "acc_coco": 82.11180124223603,
    "acc_omni": 84.91666666666666,
    "per_task": {
      "Count": 66.24365482233503,
      "Relation": 89.53846153846153,
      "Depth": 86.33333333333333,
      "Distance": 83.5
    },
    "n_unparsed": 0,
    "n_total": 2638
  },
    "enhanced_10000_1.0": {
    "cv_bench": 80.8626671769058,
    "acc_2d": 77.05866768714492,
    "acc_3d": 84.66666666666667,
    "acc_ade": 70.14218009478674,
    "acc_coco": 83.97515527950311,
    "acc_omni": 84.66666666666667,
    "per_task": {
      "Count": 68.4010152284264,
      "Relation": 89.38461538461539,
      "Depth": 85.33333333333334,
      "Distance": 84.0
    },
    "n_unparsed": 0,
    "n_total": 2638
  },
    "no_pcs": {
    "cv_bench": 78.92149921992288,
    "acc_2d": 75.00966510651241,
    "acc_3d": 82.83333333333334,
    "acc_ade": 68.4044233807267,
    "acc_coco": 81.61490683229815,
    "acc_omni": 82.83333333333334,
    "per_task": {
      "Count": 65.48223350253807,
      "Relation": 88.3076923076923,
      "Depth": 85.66666666666667,
      "Distance": 80.0
    },
    "n_unparsed": 0,
    "n_total": 2638
  }
}