{
  "base": {
    "cv_bench": 78.49,
    "acc_2d": 75.31,
    "acc_3d": 81.67,
    "per_task": {
      "Count": 67.13,
      "Relation": 87.23,
      "Depth": 87.17,
      "Distance": 76.17
    },
    "n_unparsed": 0,
    "n_total": 2638
  },
  "enhanced_1000_3.0": {
    "cv_bench": 79.65704448892683,
    "acc_2d": 74.56408897785366,
    "acc_3d": 84.75,
    "acc_ade": 67.14060031595577,
    "acc_coco": 81.98757763975155,
    "acc_omni": 84.75,
    "per_task": {
      "Count": 64.9746192893401,
      "Relation": 88.15384615384615,
      "Depth": 86.16666666666667,
      "Distance": 83.33333333333334
    },
    "n_unparsed": 0,
    "n_total": 2638
  },
    "enhanced_10000_2.0": {
    "cv_bench": 80.48233419681492,
    "acc_2d": 76.0480017269632,
    "acc_3d": 84.91666666666666,
    "acc_ade": 69.98420221169036,
    "acc_coco": 82.11180124223603,
    "acc_omni": 84.91666666666666,
    "per_task": {
      "Count": 66.24365482233503,
      "Relation": 89.53846153846153,
      "Depth": 86.33333333333333,
      "Distance": 83.5
    },
    "n_unparsed": 0,
    "n_total": 2638
  },
    "enhanced_10000_1.0": {
    "cv_bench": 80.8626671769058,
    "acc_2d": 77.05866768714492,
    "acc_3d": 84.66666666666667,
    "acc_ade": 70.14218009478674,
    "acc_coco": 83.97515527950311,
    "acc_omni": 84.66666666666667,
    "per_task": {
      "Count": 68.4010152284264,
      "Relation": 89.38461538461539,
      "Depth": 85.33333333333334,
      "Distance": 84.0
    },
    "n_unparsed": 0,
    "n_total": 2638
  },
    "enhanced_10000_0.0": {
    "cv_bench": 80.57689769705533,
    "acc_2d": 76.40379539411066,
    "acc_3d": 84.75,
    "acc_ade": 69.826224328594,
    "acc_coco": 82.98136645962732,
    "acc_omni": 84.75,
    "per_task": {
      "Count": 67.25888324873097,
      "Relation": 89.23076923076924,
      "Depth": 85.5,
      "Distance": 84.0
    },
    "n_unparsed": 0,
    "n_total": 2638
  },
    "enhanced_10000_0.75_pcs3": {
    "cv_bench": 81.21365404806059,
    "acc_2d": 76.84397476278787,
    "acc_3d": 85.58333333333333,
    "acc_ade": 70.45813586097947,
    "acc_coco": 83.22981366459628,
    "acc_omni": 85.58333333333333,
    "per_task": {
      "Count": 68.02030456852792,
      "Relation": 89.23076923076924,
      "Depth": 86.33333333333333,
      "Distance": 84.83333333333334
    },
    "n_unparsed": 0,
    "n_total": 2638
  },
    "enhanced_10000_0.76": {
    "cv_bench": 80.16473241882782,
    "acc_2d": 75.57946483765565,
    "acc_3d": 84.75,
    "acc_ade": 69.66824644549763,
    "acc_coco": 81.49068322981367,
    "acc_omni": 84.75,
    "per_task": {
      "Count": 66.11675126903553,
      "Relation": 88.61538461538461,
      "Depth": 85.33333333333334,
      "Distance": 84.16666666666667
    },
    "n_unparsed": 0,
    "n_total": 2638
  },
    "enhanced_10000_0.74": {
    "cv_bench": 79.96456168496658,
    "acc_2d": 75.17912336993318,
    "acc_3d": 84.75,
    "acc_ade": 68.24644549763033,
    "acc_coco": 82.11180124223603,
    "acc_omni": 84.75,
    "per_task": {
      "Count": 65.48223350253807,
      "Relation": 88.76923076923077,
      "Depth": 86.16666666666667,
      "Distance": 83.33333333333334
    },
    "n_unparsed": 0,
    "n_total": 2638
  },
    "enhanced_10000_0.70": {
    "cv_bench": 80.70075211209561,
    "acc_2d": 75.90150422419123,
    "acc_3d": 85.5,
    "acc_ade": 69.19431279620854,
    "acc_coco": 82.6086956521739,
    "acc_omni": 85.5,
    "per_task": {
      "Count": 66.87817258883248,
      "Relation": 88.61538461538461,
      "Depth": 86.66666666666667,
      "Distance": 84.33333333333334
    },
    "n_unparsed": 0,
    "n_total": 2638
  },
  "no_pcs_0.75": {
    "cv_bench": 80.86394400125596,
    "acc_2d": 76.1445546691786,
    "acc_3d": 85.58333333333333,
    "acc_ade": 68.56240126382306,
    "acc_coco": 83.72670807453416,
    "acc_omni": 85.58333333333333,
    "per_task": {
      "Count": 66.75126903553299,
      "Relation": 89.53846153846153,
      "Depth": 87.16666666666667,
      "Distance": 84.0
    },
    "n_unparsed": 0,
    "n_total": 2638
  },
    "enhanced_10000_0.75_pcs2": {
    "cv_bench": 81.37570035226125,
    "acc_2d": 76.58473403785582,
    "acc_3d": 86.16666666666667,
    "acc_ade": 69.19431279620854,
    "acc_coco": 83.97515527950311,
    "acc_omni": 86.16666666666667,
    "per_task": {
      "Count": 67.89340101522842,
      "Relation": 89.07692307692308,
      "Depth": 86.5,
      "Distance": 85.83333333333333
    },
    "n_unparsed": 0,
    "n_total": 2638
  },
    "enhanced_10000_0.75_pcs2_finetune": {
    "cv_bench": 81.5606399576109,
    "acc_2d": 76.78794658188848,
    "acc_3d": 86.33333333333333,
    "acc_ade": 69.3522906793049,
    "acc_coco": 84.22360248447205,
    "acc_omni": 86.33333333333333,
    "per_task": {
      "Count": 67.89340101522842,
      "Relation": 89.53846153846153,
      "Depth": 87.0,
      "Distance": 85.66666666666667
    },
    "n_unparsed": 0,
    "n_total": 2638
  }
}